{"cameraMode":{"drawMode":0,"name":"Shaded","section":"Shading Mode"},"sceneLighting":true,"audioPlay":false,"sceneViewState":{"m_AlwaysRefresh":false,"showFog":true,"showSkybox":true,"showFlares":true,"showImageEffects":true,"showParticleSystems":true,"showVisualEffectGraphs":true,"m_FxEnabled":true},"in2DMode":false,"pivot":{"x":-22.622936248779298,"y":-6.933389663696289,"z":0.21053361892700196},"rotation":{"x":0.17484408617019654,"y":-0.6624964475631714,"z":0.16317759454250337,"w":0.7098626494407654},"size":22.412982940673829,"orthographic":false}